,C,D,P,S,T
0,aa,25mmr,all,2ez,4r5e
1,aaa,abyss,alll,afk,5h1t
2,aaaa,ac,allllll,aggro,5hit
3,aaaaa,aeges,another,anchients,a55
4,aaaaaa,aeghis,any,ancient,a_s_s
5,aaaaaaaaaaaaaaa,aegis,anybodsy,ancients,abbo
6,aaaaaaaaaaaaaaaaa,aftershock,anybody,anient,abo
7,aaaaaaaaaaaaaaaaaa,agh,anyone,aoe,abortion
8,abaddon,agha,anything,awards,abuse
9,abadon,aghanim,anyting,b,alligatorbait
10,abba,aghanims,as,back,anal
11,abbadon,aghs,aught,bait,analannie
12,abddon,alacrity,both,baracks,analfisting
13,aclhe,aquila,bro,barracks,analsex
14,admiral,aquilla,bros,base,angie
15,agnus,arcane,brother,bbb,anus
16,akasha,armlet,cuz,bd,ar5e
17,akiro,assassinate,dude,block,areola
18,alc,assimilate,dudes,blood,aretard
19,alce,atos,each,bot,argie
20,alceh,avalanche,either,botlane,aroused
21,alch,basher,enough,bots,arrse
22,alche,basi,everybody,bottom,arse
23,alchee,basil,everyone,brb,arsehole
24,alcheeeee,basilius,everyones,bs,ashitty
25,alchem,battlefury,everything,btm,ass
26,alchemika,bedlam,everyting,buff,ass-fucker
27,alchemist,belt,everywehere,burst,assault
28,alchesa,bird,everywhere,caarry,assbagger
29,alchi,bkb,few,camp,assblaster
30,alchie,blade,girl,cancer,assclown
31,alchim,blademail,girls,cancers,asscowboy
32,alchs,blademaiol,girlssss,care,asses
33,am,bladmail,guuys,cares,assfuck
34,arc,blink,guy,carry,assfucker
35,arc warden,blinks,guys,carrys,assfukka
36,axe,bloodlust,guyss,caster,asshat
37,azgalor,bloodrage,guysss,casters,asshole
38,balanar,bloodstone,guyz,cc,assholes
39,balanr,blur,guyzzz,cd,asshore
40,bane,boots,guyzzzz,chick,assjockey
41,bara,botle,he,chicken,asskiss
42,bat,bottle,her,chickens,asskisser
43,batrider,bottles,hers,chicks,assklown
44,bb,bracer,herself,cooldown,asslick
45,bh,branch,him,cooldowns,asslicker
46,binvoker,bristleback,himself,creeeeeeeps,asslover
47,bloodseeker,buckler,his,creeep,assman
48,bm,bulldoze,i,creeepy,assmonkey
49,bristle,bulwark,idem,creep,assmunch
50,brood,buri,it,creepo,assmuncher
51,cent,burro,its,creeps,asspacker
52,centaur,burrow,itself,creepz,asspirate
53,centauro,burrowstrike,man,crereps,asspuppies
54,chaos,butterfl,many,crow,assranger
55,chen,butterfly,me,cs,asswhole
56,ck,chain,men,cw,asswhore
57,clink,chains,mine,damage,asswipe
58,clinkz,chakram,most,damaged,athletesfoot
59,clinkzz,chronosphere,my,damge,autism
60,clinz,circ,myself,dd,autistic
61,clock,circlet,naught,ddd,b!tch
62,clocks,clarity,neither,dddd,b00bs
63,clockwerk,claws,nobody,dddddd,b17ch
64,cm,claymore,none,debuff,b1tch
65,crix,cloack,nothin,deny,backdoor
66,crixalis,cloak,nothing,disable,backdoorman
67,crystal,consume,nought,disamble,backseat
68,dark,control,one,dive,badfuck
69,dazl,counterspell,other,dka,ballbag
70,dazle,courier,others,dmage,balllicker
71,dazzle,couriers,ought,dot,balls
72,death,cripple,our,dps,ballsack
73,deaths,crit,ours,duallane,bamboo coon
74,desi,crystalys,ourself,eeeeeeeeeeeeeeez,banging
75,dirge,curier,ourselves,eeezzz,baptist
76,disrupter,cyclone,several,eez,barelylegal
77,disruptor,daedalus,she,et,barf
78,disruptore,dag0on,sis,exp,barface
79,dk,dager,sister,ez,barfface
80,doom,dagger,sisters,eze,bast
81,doomn,daggon,some,ezeist,bastard
82,doooom,dagon,some1,ezez,bastarda
83,dooooom,deathlust,somebody,ezeze,bastards
84,dp,decay,someone,ezezeez,basterds
85,drow,decrepify,something,ezezeze,bazongas
86,drowwwwwww,demolish,somethings,ezi,bazooms
87,dusa,deso,somewhat,eziest,beaner
88,dzzle,desolate,such,ezmid,beast
89,earthsahker,desolator,suchlike,ezmmr,beastality
90,earthshaker,devour,that,ezpz,beastial
91,eartshaker,diffusal,thats,ezs,beastiality
92,elder,difusal,thee,ezszz,beatoff
93,ember,dismember,theee,ezt,beatyourmeat
94,embera,dispersion,their,ezwp,beaver
95,embers,disruption,theirs,ezy,bellend
96,ench,dissimilate,theirself,ezz,bestial
97,enchantress,divin,theirselves,ezzz,bestiality
98,enigma,divine,them,ezzzy,bi
99,es,donkey,themself,ezzzz,bi+ch
100,faceless,donkeys,themselves,ezzzzzz,bi-sexual
101,furi,doppelganger,there,ezzzzzzzzzz,biatch
102,furion,dota,theres,ezzzzzzzzzzzz,bicurious
103,ghusk,dota2,these,ezzzzzzzzzzzzzzzzzzzzzzzzzzzzz,bigass
104,gondar,dotabuff,thesee,fade,bigbastard
105,gyro,dotacinema,they,farm,bigbutt
106,hasta,dotaing,theyre,farming,bint
107,husk,dotas,thine,farmlane,bisexual
108,huska,drums,this,fb,bitcch
109,huskar,duel,those,feeder,bitch
110,huske,dust,thou,feeders,bitchass
111,husker,earthbind,thy,feeding,bitcheeees
112,invkoer,earthshock,thyself,feeeder,bitcher
113,invkr,eblade,u,ff,bitchers
114,invo,eclipse,ur,fff,bitches
115,invoekr,eject,urs,flash,bitchez
116,invok,emp,urself,flashy,bitchin
117,invokeeeer,empower,urselves,fog,bitching
118,invoker,enchant,us,fortification,bitchslap
119,io,enfeeble,we,fountain,bitchy
120,jakiro,enrage,what,fountaion,bitter clinger
121,jug,ensnare,whataver,fow,black
122,jugg,epicenter,whatever,gang,blackass
123,jugger,esmoke,whatnot,gank,blackman
124,juggernaut,etheral,whats,gankea,blackout
125,juggeru,eul,whatsoever,gankeada,blacks
126,juggerw,euls,whatver,ganked,blow
127,juggn,evasion,whence,ganker,blow job
128,juggs,exorcism,where,gankin,blowjob
129,kael,exort,whereby,ganking,blowjobs
130,king,feast,wheree,ganks,boang
131,knight,feed,wherefrom,gg,bogan
132,kotel,fervor,wherein,ggez,bohunk
133,kotl,fireblast,whereinto,ggezi,boiolas
134,kunka,firefly,whereof,ggg,bollick
135,kunkha,firestorm,whereon,gggame,bollock
136,kunkka,fissure,wheres,gggg,bollok
137,kunkkaaaa,fisure,wheresoever,ggggg,bomb
138,kunkkar,flamebreak,whereto,gggggg,bombers
139,kunnkka,flux,whereunto,ggggggg,bombing
140,kuunka,flying,wherever,gggggggggggg,bombs
141,lanaya,force,wherewith,gggggggggggggg,bomd
142,legio,force staff,wherewithal,ggggggggggggggg,bondage
143,legion,forcestaff,whether,ggggggggggggggggg,boner
144,legionn,frostbite,which,gggggggggggggggggggg,bonert
145,lesh,gauntlet,whichever,ggggggggggggggggggggggg,bong
146,leshrac,gauntlets,whichsoever,ggggggggggggggggggggggggggggg,boob
147,lich,gem,who,gggggggggggggggggggggggggggggggggggggggg,boobie
148,lina,ghosst,whoever,gggwp,boobies
149,lion,ghost,whom,ggpw,boobs
150,luna,ghostship,whomever,ggwep,booby
151,lycan,glimpse,whomso,ggwp,boody
152,lycane,gloves,whomsoever,gj,boojie
153,magnius,grow,whose,gl,boom
154,magnus,gush,whosesoever,glhf,boong
155,magnuse,gust,whosever,go,boonga
156,maiden,halberd,whoso,hardlane,boonie
157,malfurion,haunt,whosoever,haste,booobs
158,medusa,head,whwere,heal,booom
159,meepo,headress,woman,help,boooobs
160,meeporino,headshot,women,hex,boooom
161,meepos,healing,yall,invis,booooobs
162,mercurial,heart,ye,jiungling,booooooobs
163,mira,helm,yon,jking,booooooooooooooom
164,miran,hood,yonder,juke,booty
165,mirana,hookshot,yoruself,juked,bootycall
166,mirna,howl,you,juking,bountybar
167,miurana,hybrid,your,jungkle,bra
168,morph,ignite,yours,jungle,brea5t
169,morphg,illuminate,yourself,jungler,breast
170,morphling,illuminati,yourselves,jungles,breastjob
171,morphlings,impale,youself,jungling,breastlover
172,mort,impetus,,junle,breastman
173,mortred,infest,,kite,breasts
174,mother,invisibility,,kiting,brothel
175,motrher,invoke,,ks,buceta
176,mther,ironwood,,lane,bugger
177,naga,janggo,,lanes,buggered
178,naix,javelin,,mana,buggery
179,necro,jinada,,mia,bullcrap
180,necrolyte,juxtapose,,micro,bulldike
181,necrophos,kelen,,mid,bulldyke
182,nerub,kelens,,midlane,bullshit
183,night,laser,,miss,bullshitting
184,nightr,lc,,missing,bum
185,nortrom,league,,misss,bumblefuck
186,nyx,leap,,ms,bumfuck
187,oblivion,linken,,nuke,bunga
188,od,linkens,,observer,bunghole
189,ogre,lotar,,off,bunny fucker
190,ommni,lothar,,offlane,buried
191,omni,lothars,,offlaner,butchbabes
192,omniknight,macropyre,,omnia,butchdike
193,oracle,mael,,omw,butchdyke
194,oraxcle,maelstorm,,oom,butt
195,pa,maelstrom,,ooooooooooooooooooooooom,butt-bang
196,panda,magnetize,,orb,butt-fuck
197,pandai,maledict,,outlaned,butt-fucker
198,pandak,malefice,,pet,butt-fuckers
199,phantom,manaboots,,pp,buttbang
200,phenix,manta,,proc,buttface
201,phoenix,mantan,,pull,buttfuck
202,phonix,mantap,,pulling,buttfucker
203,pit,mantle,,push,buttfuckers
204,pl,maphack,,pushed,butthead
205,potm,marksmanship,,rat,butthole
206,puck,mask,,rax,buttman
207,pudeg,medallion,,recrow,buttmunch
208,pudg,mek,,regen,buttmuncher
209,pudga,meka,,repor,buttpirate
210,pudge,mekans,,report,buttplug
211,pudgr,mekansm,,reporta,buttstain
212,pugde,mekka,,reporto,byatch
213,pugna,meks,,reports,c0ck
214,qop,meld,,reuse,c0cksucker
215,qopp,metamorphosis,,ricer,cacker
216,rasta,midas,,ro3,camel fucker
217,rattle,midases,,roam,cameljockey
218,razor,mischief,,roamer,cameltoe
219,rexxar,mithril,,rofl,carpet muncher
220,rhasta,mjollnir,,roflll,carpetmuncher
221,riki,mjolnir,,rofllll,carruth
222,rikii,mkb,,rosh,cawk
223,rikik,mmr,,roshan,cemetery
224,rikiki,mmrhunter,,roshans,chav
225,rikimaru,mom,,rp,cherrypopper
226,riky,multicast,,rroamer,chickslick
227,rizzrak,multishot,,rune,chin
228,rubbick,necrobook,,safe,chinaman
229,rubic,necromastery,,safe lane,chink
230,rubick,nethertoxin,,safelane,chinks
231,rubickj,nightmare,,sight,chinky
232,rubik,nightmares,,skill,choad
233,rubikc,nimbus,,skill shot,chode
234,rylai,obs,,skillll,cigs
235,sand,ocatarine,,skills,cipa
236,sandking,octarine,,skillshot,cl1t
237,sb,omnislash,,skillz,clamdigger
238,sd,orchid,,sny,clamdiver
239,sf,overcharge,,solo,clit
240,shadow,overclocking,,squishy,clitoris
241,shadow fiend,overgrowth,,stacking,clits
242,shadowfiend,overload,,stay,clogwog
243,shadowfriend666,overpower,,stun,cnut
244,shaker,penitence,,summoner,cock
245,shakere,perseverance,,sup,cock-sucker
246,shtorm,phantasm,,suport,cockblock
247,sielencer,phase,,suppoprt,cockblocker
248,sielnecr,pipe,,suppor,cockface
249,silancer,plate,,support,cockfight
250,silencer,plater,,supports,cockhead
251,silencerrrr,poof,,supprt,cockknob
252,silenser,poorman,,take,cocklicker
253,silncer,poormans,,tank,cocklover
254,silncver,pounce,,threow,cockmunch
255,sk,powershot,,throne,cockmuncher
256,sky,pulverize,,throw,cocknob
257,skywraht,purification,,throws,cockqueen
258,skywrath,quas,,throxw,cockrider
259,sladar,quellin,,top,cocks
260,slakrk,quelling,,toplane,cocksman
261,slarck,radi,,tower,cocksmith
262,slarda,radiance,,towers,cocksmoker
263,slardar,radidance,,tp,cocksucer
264,slardara,rage,,trilane,cocksuck
265,slardars,ransack,,trilaned,cocksucked
266,slardasr,rapier,,trilaning,cocksucker
267,slardera,rapiers,,trone,cocksucking
268,slards,ravage,,ult,cocksucks
269,slark,reality,,ulti,cocksuka
270,slarka,realty,,ulty,cocksukka
271,slarke,rearm,,vcancer,cocktail
272,slarkino,recall,,war,cocktease
273,slarkj,recfraction,,ward,cocky
274,slarky,reflection,,wardd,cohee
275,slarsadder,refraction,,warddd,coitus
276,slayer,refresh,,warded,cok
277,slayers,refresher,,wards,cokmuncher
278,snieper,regeneration,,wared,coksucka
279,snipa,reincarnation,,wipe,commie
280,snipe,release,,wood,condom
281,sniper,relic,,woods,conservative
282,snipers,relocate,,wp,conspiracy
283,specter,retaliate,,zz,conspiracy theorist
284,spectre,return,,,coolie
285,spiritbreaker,ring,,,cooly
286,ss,robe,,,coon
287,sss,rod,,,coonass
288,ssss,rot,,,coondog
289,stlark,rupture,,,copulate
290,storm,ruptured,,,cornhole
291,storma,salve,,,corruption
292,sven,sange,,,cox
293,ta,satanic,,,cra5h
294,tb,scatterblast,,,crabs
295,tc,scythe,,,crack-whore
296,techhies,sentries,,,crackpipe
297,techies,sentry,,,crackwhore
298,techis,sentrys,,,crackwhores
299,tekkies,shackle,,,crap
300,terror,shackled,,,crapola
301,terrorblade,shackles,,,crapper
302,thrall,shackleshot,,,crappy
303,tide,shadowblade,,,creamy
304,tidehunter,shadowraze,,,crime
305,tinker,shapeshift,,,criminals
306,tinkera,sheep,,,crotch
307,tiny,sheepstick,,,crotchjockey
308,tinyyyy,shield,,,crotchmonkey
309,tnker,shiva,,,crotchrot
310,trax,shivas,,,cum
311,traxes,shockwave,,,cumbubble
312,traxex,shrapnel,,,cumfest
313,tres,shukuchi,,,cuming
314,tresdin,silence,,,cumjockey
315,troll,silenced,,,cumm
316,trolls,skadi,,,cummer
317,ttuskk,skewer,,,cummin
318,tusk,slippers,,,cumming
319,tuskar,smoke,,,cumquat
320,tuskker,smoked,,,cumqueen
321,tusklar,snowball,,,cums
322,tusky,snowballing,,,cumshot
323,undying,sobi,,,cumwaste
324,ursa,soul,,,cunilingus
325,venge,soulbind,,,cunillingus
326,vengeful,spirit,,,cunn
327,veno,spirits,,,cunnilingus
328,venomacer,sproink,,,cunntt
329,venomancer,sprout,,,cunt
330,viper,ssentry,,,cunteyed
331,visage,stampede,,,cuntfuck
332,void,stanic,,,cuntfucker
333,voker,starstorm,,,cuntlick
334,warlock,stick,,,cuntlicker
335,warlok,stout,,,cuntlicking
336,wd,strafe,,,cunts
337,weave,sunder,,,cuntsucker
338,weaver,supernova,,,cyalis
339,weavere,surge,,,cyberfuc
340,wind,swashbuckle,,,cyberfuck
341,windranger,tango,,,cyberfucked
342,windrunner,tangos,,,cyberfucker
343,winte,telekinesis,,,cyberfuckers
344,winter,teleportation,,,cyberfucking
345,wisp,terrorize,,,cybersex
346,witch doctor,tether,,,cyberslimer
347,wr,thirst,,,d1ck
348,ww,thirsty,,,dafuq
349,wyvern,tidebringer,,,dago
350,xin,tombstone,,,dahmer
351,yakiro,tornadio,,,dammit
352,zet,tornado,,,damnation
353,zeus,torrent,,,darkie
354,zeusss,toss,,,darky
355,,track,,,datnigga
356,,tracks,,,dead
357,,tranquil,,,deapthroat
358,,tranquils,,,deepthroat
359,,trap,,,defecate
360,,treads,,,dego
361,,unburrow,,,deth
362,,untouchable,,,devilworshipper
363,,upheaval,,,dick
364,,urn,,,dickbrain
365,,vacum,,,dickforbrains
366,,vacuum,,,dickhead
367,,vacuume,,,dickheads
368,,van,,,dickish
369,,vanguard,,,dickless
370,,veil,,,dicklick
371,,vendetta,,,dicklicker
372,,venom,,,dickman
373,,venomn,,,dicksuck
374,,vlad,,,dickwad
375,,vlados,,,dickweed
376,,vlads,,,dieofcancer
377,,wand,,,dike
378,,warcry,,,dildo
379,,warpath,,,dildos
380,,waveform,,,dingleberry
381,,wex,,,dink
382,,will-o-wisp,,,dinks
383,,windrun,,,dipshit
384,,wraithband,,,dipstick
385,,yasha,,,dirsa
386,,,,,disturbed
387,,,,,dix
388,,,,,dixiedike
389,,,,,dixiedyke
390,,,,,dlck
391,,,,,dog-fucker
392,,,,,doggiestyle
393,,,,,doggin
394,,,,,dogging
395,,,,,doggystyle
396,,,,,dogshit
397,,,,,donkeyribber
398,,,,,doo-doo
399,,,,,doodoo
400,,,,,doosh
401,,,,,dope
402,,,,,douche
403,,,,,dragqueen
404,,,,,dragqween
405,,,,,dripdick
406,,,,,drug
407,,,,,duche
408,,,,,dumb
409,,,,,dumbass
410,,,,,dumbbitch
411,,,,,dumbcunt
412,,,,,dumbfuck
413,,,,,dyefly
414,,,,,dyke
415,,,,,easyslut
416,,,,,eatballs
417,,,,,eatme
418,,,,,eatpussy
419,,,,,ecstacy
420,,,,,ejaculate
421,,,,,ejaculated
422,,,,,ejaculates
423,,,,,ejaculating
424,,,,,ejaculatings
425,,,,,ejaculation
426,,,,,ejakulate
427,,,,,enema
428,,,,,enemy
429,,,,,epenis
430,,,,,erect
431,,,,,erection
432,,,,,ero
433,,,,,escort
434,,,,,ethnic
435,,,,,evl
436,,,,,excrement
437,,,,,f u c k
438,,,,,f u c k e r
439,,,,,f4nny
440,,,,,f_u_c_k
441,,,,,facefucker
442,,,,,faeces
443,,,,,fag
444,,,,,fagate
445,,,,,fagets
446,,,,,faggerts
447,,,,,fagging
448,,,,,faggitt
449,,,,,faggorts
450,,,,,faggot
451,,,,,faggots
452,,,,,faggs
453,,,,,fagnuts
454,,,,,fagot
455,,,,,fagots
456,,,,,fags
457,,,,,failure
458,,,,,fairies
459,,,,,fairy
460,,,,,fannyflaps
461,,,,,fannyfucker
462,,,,,fanyy
463,,,,,fart
464,,,,,farted
465,,,,,farting
466,,,,,farty
467,,,,,fastfuck
468,,,,,fat
469,,,,,fatah
470,,,,,fatass
471,,,,,fatfuck
472,,,,,fatfucker
473,,,,,fatso
474,,,,,fattttttttttttttttttttttttttttttt
475,,,,,fatty
476,,,,,fck
477,,,,,fckcum
478,,,,,fcken
479,,,,,fcker
480,,,,,fckin
481,,,,,fcking
482,,,,,fcktard
483,,,,,fcuk
484,,,,,fcuker
485,,,,,fcuking
486,,,,,feces
487,,,,,feck
488,,,,,fecker
489,,,,,feggets
490,,,,,felatio
491,,,,,felch
492,,,,,felcher
493,,,,,felching
494,,,,,fellate
495,,,,,fellatio
496,,,,,feltch
497,,,,,feltcher
498,,,,,feltching
499,,,,,fetish
500,,,,,ffs
501,,,,,fguck
502,,,,,filipina
503,,,,,filipino
504,,,,,fingerfood
505,,,,,fingerfuck
506,,,,,fingerfucked
507,,,,,fingerfucker
508,,,,,fingerfuckers
509,,,,,fingerfucking
510,,,,,fingerfucks
511,,,,,fister
512,,,,,fistfuck
513,,,,,fistfucked
514,,,,,fistfucker
515,,,,,fistfuckers
516,,,,,fistfucking
517,,,,,fistfuckings
518,,,,,fistfucks
519,,,,,fisting
520,,,,,fiuck
521,,,,,fkboi
522,,,,,fkcing
523,,,,,fkin
524,,,,,fking
525,,,,,flange
526,,,,,flasher
527,,,,,flatulence
528,,,,,floo
529,,,,,flydie
530,,,,,flydye
531,,,,,fok
532,,,,,fondle
533,,,,,fook
534,,,,,fooker
535,,,,,foook
536,,,,,footaction
537,,,,,footfuck
538,,,,,footfucker
539,,,,,footlicker
540,,,,,footlocker
541,,,,,footstar
542,,,,,fore
543,,,,,foreskin
544,,,,,forni
545,,,,,fornicate
546,,,,,foursome
547,,,,,fourtwenty
548,,,,,fraud
549,,,,,freakfuck
550,,,,,freakyfucker
551,,,,,freefuck
552,,,,,fu
553,,,,,fuark
554,,,,,fubar
555,,,,,fuc
556,,,,,fucck
557,,,,,fuccker
558,,,,,fuck
559,,,,,fucka
560,,,,,fuckable
561,,,,,fuckbag
562,,,,,fuckbuddy
563,,,,,fucke
564,,,,,fucked
565,,,,,fuckedup
566,,,,,fucken
567,,,,,fucker
568,,,,,fuckers
569,,,,,fuckface
570,,,,,fuckfest
571,,,,,fuckfreak
572,,,,,fuckfriend
573,,,,,fuckhead
574,,,,,fuckheads
575,,,,,fuckher
576,,,,,fuckig
577,,,,,fuckign
578,,,,,fuckimg
579,,,,,fuckin
580,,,,,fuckina
581,,,,,fuckind
582,,,,,fucking
583,,,,,fuckingbitch
584,,,,,fuckingg
585,,,,,fuckings
586,,,,,fuckingshitmotherfucker
587,,,,,fuckinnuts
588,,,,,fuckinright
589,,,,,fuckit
590,,,,,fuckj
591,,,,,fuckknob
592,,,,,fuckme
593,,,,,fuckmehard
594,,,,,fuckmonkey
595,,,,,fuckng
596,,,,,fucknig
597,,,,,fuckoff
598,,,,,fuckpig
599,,,,,fucks
600,,,,,fucksdf
601,,,,,fucktard
602,,,,,fucktards
603,,,,,fuckwad
604,,,,,fuckwhit
605,,,,,fuckwhore
606,,,,,fuckwit
607,,,,,fuckyou
608,,,,,fudgepacker
609,,,,,fugly
610,,,,,fuicking
611,,,,,fujck
612,,,,,fuk
613,,,,,fuka
614,,,,,fukboi
615,,,,,fuker
616,,,,,fukin
617,,,,,fukker
618,,,,,fukkin
619,,,,,fuks
620,,,,,fukwhit
621,,,,,fukwit
622,,,,,funfuck
623,,,,,fungus
624,,,,,fuq
625,,,,,fuuck
626,,,,,fux
627,,,,,fux0r
628,,,,,fvck
629,,,,,fvcking
630,,,,,fvking
631,,,,,fyuck
632,,,,,gangbang
633,,,,,gangbanged
634,,,,,gangbanger
635,,,,,gangbangs
636,,,,,gangsta
637,,,,,gatorbait
638,,,,,gay
639,,,,,gayer
640,,,,,gayish
641,,,,,gaylord
642,,,,,gaymuthafuckinwhore
643,,,,,gays
644,,,,,gaysex
645,,,,,gayteam
646,,,,,gayyy
647,,,,,gayyyyyyyyy
648,,,,,geez
649,,,,,geni
650,,,,,genital
651,,,,,german
652,,,,,getiton
653,,,,,gin
654,,,,,ginzo
655,,,,,gipp
656,,,,,givehead
657,,,,,glazeddonut
658,,,,,goatse
659,,,,,gob
660,,,,,god-dam
661,,,,,god-damned
662,,,,,godammit
663,,,,,goddamit
664,,,,,goddammit
665,,,,,goddamn
666,,,,,goddamned
667,,,,,goddamnes
668,,,,,goddamnit
669,,,,,goddamnmuthafucker
670,,,,,goldenshower
671,,,,,gonorrehea
672,,,,,gonzagas
673,,,,,gook
674,,,,,gotohell
675,,,,,goy
676,,,,,goyim
677,,,,,greaseball
678,,,,,gringo
679,,,,,gringos
680,,,,,groe
681,,,,,gross
682,,,,,grostulation
683,,,,,gubba
684,,,,,gummer
685,,,,,gyp
686,,,,,gypo
687,,,,,gypp
688,,,,,gyppie
689,,,,,gyppo
690,,,,,gyppy
691,,,,,hamas
692,,,,,handjob
693,,,,,hapa
694,,,,,hardcoresex
695,,,,,hardon
696,,,,,harem
697,,,,,headfuck
698,,,,,headlights
699,,,,,hebe
700,,,,,heeb
701,,,,,henhouse
702,,,,,heroin
703,,,,,herpes
704,,,,,heshe
705,,,,,heterosexual
706,,,,,hijack
707,,,,,hijacker
708,,,,,hijacking
709,,,,,hillbillies
710,,,,,hillbilly
711,,,,,hindoo
712,,,,,hiscock
713,,,,,hitlerism
714,,,,,hitlerist
715,,,,,hiv
716,,,,,hoar
717,,,,,hoare
718,,,,,hobo
719,,,,,hodgie
720,,,,,hoer
721,,,,,hoes
722,,,,,hole
723,,,,,holestuffer
724,,,,,homo
725,,,,,homobangers
726,,,,,homosexual
727,,,,,honger
728,,,,,honk
729,,,,,honkers
730,,,,,honkey
731,,,,,honky
732,,,,,hook
733,,,,,hooker
734,,,,,hookers
735,,,,,hoook
736,,,,,hooters
737,,,,,hore
738,,,,,hork
739,,,,,horn
740,,,,,horney
741,,,,,horniest
742,,,,,horny
743,,,,,horseshit
744,,,,,hosejob
745,,,,,hoser
746,,,,,hostage
747,,,,,hotdamn
748,,,,,hotpussy
749,,,,,hotsex
750,,,,,hottotrot
751,,,,,house nigger
752,,,,,hummer
753,,,,,husky
754,,,,,hussy
755,,,,,hustler
756,,,,,hymen
757,,,,,hymie
758,,,,,iblowu
759,,,,,idiot
760,,,,,idiota
761,,,,,idioto
762,,,,,idiots
763,,,,,ikey
764,,,,,illegal
765,,,,,incest
766,,,,,insest
767,,,,,intercourse
768,,,,,interracial
769,,,,,intheass
770,,,,,inthebuff
771,,,,,israel
772,,,,,itch
773,,,,,jack-off
774,,,,,jackass
775,,,,,jackoff
776,,,,,jackshit
777,,,,,jacktheripper
778,,,,,jade
779,,,,,jap
780,,,,,japcrap
781,,,,,jebus
782,,,,,jeebus
783,,,,,jeez
784,,,,,jerk-off
785,,,,,jerkoff
786,,,,,jesuschrist
787,,,,,jew
788,,,,,jiga
789,,,,,jigaboo
790,,,,,jigg
791,,,,,jigga
792,,,,,jiggabo
793,,,,,jigger
794,,,,,jiggy
795,,,,,jihad
796,,,,,jijjiboo
797,,,,,jimfish
798,,,,,jism
799,,,,,jiz
800,,,,,jizim
801,,,,,jizjuice
802,,,,,jizm
803,,,,,jizz
804,,,,,jizzim
805,,,,,jizzum
806,,,,,juggalo
807,,,,,jugs
808,,,,,junglebunny
809,,,,,kaffer
810,,,,,kaffir
811,,,,,kaffre
812,,,,,kafir
813,,,,,kanake
814,,,,,kawk
815,,,,,kigger
816,,,,,kike
817,,,,,kink
818,,,,,kinky
819,,,,,kissass
820,,,,,kkk
821,,,,,knob
822,,,,,knobead
823,,,,,knobed
824,,,,,knobend
825,,,,,knobhead
826,,,,,knobjocky
827,,,,,knobjokey
828,,,,,knockers
829,,,,,kock
830,,,,,kondum
831,,,,,kondums
832,,,,,koon
833,,,,,kotex
834,,,,,krap
835,,,,,krappy
836,,,,,kraut
837,,,,,kum
838,,,,,kumbubble
839,,,,,kumbullbe
840,,,,,kummer
841,,,,,kumming
842,,,,,kumquat
843,,,,,kums
844,,,,,kunilingus
845,,,,,kunnilingus
846,,,,,kunt
847,,,,,ky
848,,,,,kyke
849,,,,,l3i+ch
850,,,,,l3itch
851,,,,,labia
852,,,,,lactate
853,,,,,laid
854,,,,,lapdance
855,,,,,lesbain
856,,,,,lesbayn
857,,,,,lesbian
858,,,,,lesbin
859,,,,,lesbo
860,,,,,lez
861,,,,,lezbe
862,,,,,lezbefriends
863,,,,,lezbo
864,,,,,lezz
865,,,,,lezzo
866,,,,,libido
867,,,,,licker
868,,,,,lickme
869,,,,,limey
870,,,,,limpdick
871,,,,,limy
872,,,,,lingerie
873,,,,,livesex
874,,,,,lmfao
875,,,,,lmfaso
876,,,,,loadedgun
877,,,,,lolita
878,,,,,looser
879,,,,,lotion
880,,,,,lovebone
881,,,,,lovegoo
882,,,,,lovegun
883,,,,,lovejuice
884,,,,,lovemuscle
885,,,,,lovepistol
886,,,,,loverocket
887,,,,,lowlife
888,,,,,lubejob
889,,,,,luckycammeltoe
890,,,,,lugan
891,,,,,lust
892,,,,,lusting
893,,,,,lynch
894,,,,,m0f0
895,,,,,m0fo
896,,,,,m45terbate
897,,,,,ma5terb8
898,,,,,ma5terbate
899,,,,,macaca
900,,,,,mafia
901,,,,,magicwand
902,,,,,mams
903,,,,,manhater
904,,,,,manpaste
905,,,,,marijuana
906,,,,,masochist
907,,,,,mastabate
908,,,,,mastabater
909,,,,,master-bate
910,,,,,masterb8
911,,,,,masterbat*
912,,,,,masterbat3
913,,,,,masterbate
914,,,,,masterbation
915,,,,,masterbations
916,,,,,masterblaster
917,,,,,mastrabator
918,,,,,masturbate
919,,,,,masturbating
920,,,,,masturbation
921,,,,,masturvbate
922,,,,,mattressprincess
923,,,,,meatbeatter
924,,,,,meatrack
925,,,,,meth
926,,,,,mgger
927,,,,,mggor
928,,,,,mickeyfinn
929,,,,,milf
930,,,,,minority
931,,,,,mo-fo
932,,,,,mockey
933,,,,,mockie
934,,,,,mocky
935,,,,,mof0
936,,,,,mofo
937,,,,,moky
938,,,,,moles
939,,,,,molest
940,,,,,molestation
941,,,,,molester
942,,,,,molestor
943,,,,,moneyshot
944,,,,,monkeytard
945,,,,,mooncricket
946,,,,,mormon
947,,,,,moron
948,,,,,morons
949,,,,,moslem
950,,,,,mosshead
951,,,,,mothafuck
952,,,,,mothafucka
953,,,,,mothafuckas
954,,,,,mothafuckaz
955,,,,,mothafucked
956,,,,,mothafucker
957,,,,,mothafuckers
958,,,,,mothafuckin
959,,,,,mothafucking
960,,,,,mothafuckings
961,,,,,mothafucks
962,,,,,mother fucker
963,,,,,motherfuck
964,,,,,motherfucked
965,,,,,motherfucker
966,,,,,motherfuckers
967,,,,,motherfuckin
968,,,,,motherfucking
969,,,,,motherfuckings
970,,,,,motherfuckka
971,,,,,motherfucks
972,,,,,motherlovebone
973,,,,,muff
974,,,,,muffdive
975,,,,,muffdiver
976,,,,,muffindiver
977,,,,,mufflikcer
978,,,,,mulatto
979,,,,,muncher
980,,,,,munt
981,,,,,murderer
982,,,,,mutha
983,,,,,muthafecker
984,,,,,muthafuckker
985,,,,,muther
986,,,,,mutherfucker
987,,,,,muzzie
988,,,,,n1gga
989,,,,,n1gger
990,,,,,naked
991,,,,,narcotic
992,,,,,nasty
993,,,,,nastybitch
994,,,,,nastyho
995,,,,,nastyslut
996,,,,,nastywhore
997,,,,,nazi
998,,,,,negro
999,,,,,negroes
1000,,,,,negroid
1001,,,,,negros
1002,,,,,nig
1003,,,,,niger
1004,,,,,nigerian
1005,,,,,nigerians
1006,,,,,nigg
1007,,,,,nigg3r
1008,,,,,nigg4h
1009,,,,,nigga
1010,,,,,nigga1
1011,,,,,niggah
1012,,,,,niggaracci
1013,,,,,niggard
1014,,,,,niggarded
1015,,,,,niggarding
1016,,,,,niggardliness
1017,,,,,niggardlinesss
1018,,,,,niggardly
1019,,,,,niggards
1020,,,,,niggas
1021,,,,,niggaz
1022,,,,,nigger
1023,,,,,niggerhead
1024,,,,,niggerhole
1025,,,,,niggers
1026,,,,,niggle
1027,,,,,niggled
1028,,,,,niggles
1029,,,,,niggling
1030,,,,,nigglings
1031,,,,,niggor
1032,,,,,niggur
1033,,,,,niglet
1034,,,,,nignog
1035,,,,,nigr
1036,,,,,nigra
1037,,,,,nigre
1038,,,,,nip
1039,,,,,nipple
1040,,,,,nipplering
1041,,,,,nittit
1042,,,,,nlgger
1043,,,,,nlggor
1044,,,,,nob
1045,,,,,nob jokey
1046,,,,,nobhead
1047,,,,,nobjocky
1048,,,,,nobjokey
1049,,,,,nofuckingway
1050,,,,,noob
1051,,,,,noobds
1052,,,,,noober
1053,,,,,noobest
1054,,,,,noobi
1055,,,,,noobies
1056,,,,,noobla
1057,,,,,noobs
1058,,,,,noobws
1059,,,,,nook
1060,,,,,nookey
1061,,,,,nookie
1062,,,,,noonan
1063,,,,,noone
1064,,,,,nooner
1065,,,,,nooobs
1066,,,,,nooooooooooooooooooooob
1067,,,,,nude
1068,,,,,nudger
1069,,,,,numbnuts
1070,,,,,nutfucker
1071,,,,,nutsack
1072,,,,,nymph
1073,,,,,ontherag
1074,,,,,orga
1075,,,,,orgasim
1076,,,,,orgasims
1077,,,,,orgasm
1078,,,,,orgasms
1079,,,,,orgies
1080,,,,,orgy
1081,,,,,osama
1082,,,,,p0rn
1083,,,,,paki
1084,,,,,palesimian
1085,,,,,palestinian
1086,,,,,pansies
1087,,,,,pansy
1088,,,,,panti
1089,,,,,panties
1090,,,,,payo
1091,,,,,pearlnecklace
1092,,,,,peck
1093,,,,,pecker
1094,,,,,peckerwood
1095,,,,,pee
1096,,,,,pee-pee
1097,,,,,peeeeeee
1098,,,,,peeeeeeeee
1099,,,,,peeeeeeeeeeeeeeeeeeeeee
1100,,,,,peehole
1101,,,,,peepshow
1102,,,,,peepshpw
1103,,,,,pendy
1104,,,,,penetration
1105,,,,,peni5
1106,,,,,penile
1107,,,,,penis
1108,,,,,penises
1109,,,,,penisfucker
1110,,,,,penthouse
1111,,,,,period
1112,,,,,peru
1113,,,,,peruanitod
1114,,,,,peruano
1115,,,,,peruanos
1116,,,,,peruasno
1117,,,,,perus
1118,,,,,peruvians
1119,,,,,perv
1120,,,,,phonesex
1121,,,,,phuck
1122,,,,,phuk
1123,,,,,phuked
1124,,,,,phuking
1125,,,,,phukked
1126,,,,,phukking
1127,,,,,phuks
1128,,,,,phungky
1129,,,,,phuq
1130,,,,,pi55
1131,,,,,picaninny
1132,,,,,piccaninny
1133,,,,,pickaninny
1134,,,,,pigfucker
1135,,,,,piker
1136,,,,,pikey
1137,,,,,piky
1138,,,,,pimp
1139,,,,,pimped
1140,,,,,pimper
1141,,,,,pimpis
1142,,,,,pimpjuic
1143,,,,,pimpjuice
1144,,,,,pimpsimp
1145,,,,,pindick
1146,,,,,piss
1147,,,,,pisser
1148,,,,,pissers
1149,,,,,pisses
1150,,,,,pissface
1151,,,,,pissflaps
1152,,,,,pisshead
1153,,,,,pissin
1154,,,,,pissing
1155,,,,,pissoff
1156,,,,,pissy
1157,,,,,pistol
1158,,,,,pixie
1159,,,,,pixy
1160,,,,,plastic paddy
1161,,,,,playgirl
1162,,,,,pocha
1163,,,,,pocho
1164,,,,,pocketpool
1165,,,,,pohm
1166,,,,,polack
1167,,,,,pommie
1168,,,,,pommy
1169,,,,,poo
1170,,,,,poon
1171,,,,,poontang
1172,,,,,poop
1173,,,,,pooper
1174,,,,,pooperscooper
1175,,,,,pooping
1176,,,,,poorwhitetrash
1177,,,,,pootang
1178,,,,,popimp
1179,,,,,porchmonkey
1180,,,,,porn
1181,,,,,pornflick
1182,,,,,pornking
1183,,,,,porno
1184,,,,,pornography
1185,,,,,pornos
1186,,,,,pornprincess
1187,,,,,premature
1188,,,,,pric
1189,,,,,prick
1190,,,,,prickhead
1191,,,,,pricks
1192,,,,,primetime
1193,,,,,pron
1194,,,,,propaganda
1195,,,,,prostit
1196,,,,,prostitute
1197,,,,,pu55i
1198,,,,,pu55y
1199,,,,,pube
1200,,,,,pubic
1201,,,,,pubiclice
1202,,,,,pud
1203,,,,,pudboy
1204,,,,,puddboy
1205,,,,,puke
1206,,,,,puntang
1207,,,,,purinapricness
1208,,,,,puss
1209,,,,,pusse
1210,,,,,pussi
1211,,,,,pussie
1212,,,,,pussies
1213,,,,,pussy
1214,,,,,pussycat
1215,,,,,pussyeater
1216,,,,,pussyfucker
1217,,,,,pussylicker
1218,,,,,pussylips
1219,,,,,pussylover
1220,,,,,pussypounder
1221,,,,,pussys
1222,,,,,pusy
1223,,,,,putang
1224,,,,,quashie
1225,,,,,queef
1226,,,,,quickie
1227,,,,,quim
1228,,,,,ra8s
1229,,,,,rabbi
1230,,,,,radical
1231,,,,,radicals
1232,,,,,raghead
1233,,,,,randy
1234,,,,,rape
1235,,,,,raped
1236,,,,,raper
1237,,,,,rapist
1238,,,,,rearend
1239,,,,,rearentry
1240,,,,,rectum
1241,,,,,redlight
1242,,,,,redneck
1243,,,,,reefer
1244,,,,,reestie
1245,,,,,refugee
1246,,,,,rentafuck
1247,,,,,rere
1248,,,,,retar
1249,,,,,retard
1250,,,,,retarded
1251,,,,,retardedw
1252,,,,,retards
1253,,,,,retardw
1254,,,,,ribbed
1255,,,,,rigger
1256,,,,,rimjaw
1257,,,,,rimjob
1258,,,,,rimming
1259,,,,,roach
1260,,,,,roflmao
1261,,,,,roundeye
1262,,,,,rube
1263,,,,,rump
1264,,,,,ruski
1265,,,,,russki
1266,,,,,russkie
1267,,,,,russtard
1268,,,,,rustards
1269,,,,,s hit
1270,,,,,s.o.b.
1271,,,,,s_h_i_t
1272,,,,,sadis
1273,,,,,sadist
1274,,,,,sadom
1275,,,,,samckdaddy
1276,,,,,sandm
1277,,,,,sandnigger
1278,,,,,scag
1279,,,,,scallywag
1280,,,,,scat
1281,,,,,schlong
1282,,,,,screw
1283,,,,,screwing
1284,,,,,screwyou
1285,,,,,scroat
1286,,,,,scrote
1287,,,,,scrotum
1288,,,,,scum
1289,,,,,semen
1290,,,,,seppo
1291,,,,,sex
1292,,,,,sexally
1293,,,,,sexed
1294,,,,,sexfarm
1295,,,,,sexhound
1296,,,,,sexhouse
1297,,,,,sexing
1298,,,,,sexkitten
1299,,,,,sexpot
1300,,,,,sexslave
1301,,,,,sextogo
1302,,,,,sextoy
1303,,,,,sextoys
1304,,,,,sexual
1305,,,,,sexually
1306,,,,,sexwhore
1307,,,,,sexy
1308,,,,,sexy-slim
1309,,,,,sexymoma
1310,,,,,sh!+
1311,,,,,sh!t
1312,,,,,sh1t
1313,,,,,shag
1314,,,,,shagger
1315,,,,,shaggin
1316,,,,,shagging
1317,,,,,shat
1318,,,,,shav
1319,,,,,shawtypimp
1320,,,,,sheeney
1321,,,,,shemale
1322,,,,,shhit
1323,,,,,shinola
1324,,,,,shit
1325,,,,,shitbag
1326,,,,,shitcan
1327,,,,,shitdick
1328,,,,,shite
1329,,,,,shiteater
1330,,,,,shited
1331,,,,,shitey
1332,,,,,shitface
1333,,,,,shitfaced
1334,,,,,shitfit
1335,,,,,shitforbrains
1336,,,,,shitfuck
1337,,,,,shitfucker
1338,,,,,shitfull
1339,,,,,shithapens
1340,,,,,shithappens
1341,,,,,shithead
1342,,,,,shithouse
1343,,,,,shiting
1344,,,,,shitings
1345,,,,,shitist
1346,,,,,shitlist
1347,,,,,shitlord
1348,,,,,shitola
1349,,,,,shitoutofluck
1350,,,,,shitpoo
1351,,,,,shits
1352,,,,,shitstaain
1353,,,,,shitstain
1354,,,,,shitted
1355,,,,,shitter
1356,,,,,shitters
1357,,,,,shitting
1358,,,,,shittings
1359,,,,,shitttt
1360,,,,,shitty
1361,,,,,shooting
1362,,,,,shortfuck
1363,,,,,showtime
1364,,,,,sideways pussy
1365,,,,,sissy
1366,,,,,sixtynine
1367,,,,,sixtyniner
1368,,,,,skank
1369,,,,,skankbitch
1370,,,,,skankfuck
1371,,,,,skankwhore
1372,,,,,skanky
1373,,,,,skankybitch
1374,,,,,skankywhore
1375,,,,,skinflute
1376,,,,,skum
1377,,,,,skumbag
1378,,,,,slant
1379,,,,,slanteye
1380,,,,,slapper
1381,,,,,slaughter
1382,,,,,slav
1383,,,,,slavedriver
1384,,,,,sleezebag
1385,,,,,sleezeball
1386,,,,,slideitin
1387,,,,,slime
1388,,,,,slimeball
1389,,,,,slimebucket
1390,,,,,slopehead
1391,,,,,slopey
1392,,,,,slopy
1393,,,,,slut
1394,,,,,sluts
1395,,,,,slutt
1396,,,,,slutting
1397,,,,,slutty
1398,,,,,slutwear
1399,,,,,slutwhore
1400,,,,,smack
1401,,,,,smackthemonkey
1402,,,,,smegma
1403,,,,,smut
1404,,,,,snatch
1405,,,,,snatchpatch
1406,,,,,snigger
1407,,,,,sniggered
1408,,,,,sniggering
1409,,,,,sniggers
1410,,,,,snot
1411,,,,,snowback
1412,,,,,snownigger
1413,,,,,sodom
1414,,,,,sodomise
1415,,,,,sodomite
1416,,,,,sodomize
1417,,,,,sodomy
1418,,,,,son-of-a-bitch
1419,,,,,sonofabitch
1420,,,,,sonofbitch
1421,,,,,sooty
1422,,,,,soup taker
1423,,,,,spac
1424,,,,,spaghettibender
1425,,,,,spaghettinigger
1426,,,,,spank
1427,,,,,spankthemonkey
1428,,,,,sperm
1429,,,,,spermacide
1430,,,,,spermbag
1431,,,,,spermhearder
1432,,,,,spermherder
1433,,,,,spic
1434,,,,,spick
1435,,,,,spig
1436,,,,,spigotty
1437,,,,,spik
1438,,,,,spit
1439,,,,,spitter
1440,,,,,splittail
1441,,,,,spooge
1442,,,,,spreadeagle
1443,,,,,spunk
1444,,,,,spunky
1445,,,,,squaw
1446,,,,,stagg
1447,,,,,stfu
1448,,,,,stiffy
1449,,,,,strapon
1450,,,,,stringer
1451,,,,,stripclub
1452,,,,,stupid
1453,,,,,stupidfuck
1454,,,,,stupidfucker
1455,,,,,stupids
1456,,,,,stupiud
1457,,,,,suck
1458,,,,,suckdick
1459,,,,,sucker
1460,,,,,suckme
1461,,,,,suckmyass
1462,,,,,suckmydick
1463,,,,,suckmytit
1464,,,,,suckoff
1465,,,,,sucks
1466,,,,,surrender monkey
1467,,,,,swallow
1468,,,,,swallower
1469,,,,,swalow
1470,,,,,swastika
1471,,,,,sweetness
1472,,,,,swooty
1473,,,,,syphilis
1474,,,,,t1tt1e5
1475,,,,,t1tties
1476,,,,,taff
1477,,,,,talkshits
1478,,,,,tampon
1479,,,,,tang
1480,,,,,tarbaby
1481,,,,,tard
1482,,,,,tards
1483,,,,,teat
1484,,,,,teets
1485,,,,,teez
1486,,,,,teste
1487,,,,,testical
1488,,,,,testicle
1489,,,,,testicles
1490,,,,,thicklips
1491,,,,,thirdeye
1492,,,,,thirdleg
1493,,,,,threesome
1494,,,,,threeway
1495,,,,,timbernigger
1496,,,,,tinkle
1497,,,,,tit
1498,,,,,titbitnipply
1499,,,,,titfuck
1500,,,,,titfucker
1501,,,,,titfuckin
1502,,,,,titjob
1503,,,,,titlicker
1504,,,,,titlover
1505,,,,,tits
1506,,,,,titt
1507,,,,,tittie
1508,,,,,tittie5
1509,,,,,tittiefucker
1510,,,,,titties
1511,,,,,titty
1512,,,,,tittyfuck
1513,,,,,tittywank
1514,,,,,titwank
1515,,,,,tongethruster
1516,,,,,tongue
1517,,,,,tonguethrust
1518,,,,,tonguetramp
1519,,,,,tortur
1520,,,,,torture
1521,,,,,tosser
1522,,,,,towelhead
1523,,,,,trailer park trash
1524,,,,,trailer trash
1525,,,,,trailertrash
1526,,,,,tramp
1527,,,,,trannie
1528,,,,,tranny
1529,,,,,transexual
1530,,,,,transsexual
1531,,,,,transvestite
1532,,,,,triplex
1533,,,,,trisexual
1534,,,,,trojan
1535,,,,,trots
1536,,,,,tuckahoe
1537,,,,,tunneloflove
1538,,,,,turd
1539,,,,,turnon
1540,,,,,tw4t
1541,,,,,twat
1542,,,,,twathead
1543,,,,,twatty
1544,,,,,twink
1545,,,,,twinkie
1546,,,,,twobitwhore
1547,,,,,twunt
1548,,,,,twunter
1549,,,,,uck
1550,,,,,unfuckable
1551,,,,,upskirt
1552,,,,,uptheass
1553,,,,,upthebutt
1554,,,,,urinary
1555,,,,,urinate
1556,,,,,urine
1557,,,,,usama
1558,,,,,uterus
1559,,,,,v14gra
1560,,,,,v1gra
1561,,,,,vagina
1562,,,,,vaginal
1563,,,,,viagra
1564,,,,,vibr
1565,,,,,vibrater
1566,,,,,vibrator
1567,,,,,vietcong
1568,,,,,virgin
1569,,,,,virginbreaker
1570,,,,,vomit
1571,,,,,vulva
1572,,,,,w00se
1573,,,,,wab
1574,,,,,wank
1575,,,,,wanker
1576,,,,,wanking
1577,,,,,wanky
1578,,,,,wasted
1579,,,,,waysted
1580,,,,,weenie
1581,,,,,weewee
1582,,,,,welcher
1583,,,,,wetb
1584,,,,,wetback
1585,,,,,wetspot
1586,,,,,whacker
1587,,,,,whash
1588,,,,,whigger
1589,,,,,whiskeydick
1590,,,,,whiskydick
1591,,,,,whit
1592,,,,,white nigger
1593,,,,,whitenigger
1594,,,,,whites
1595,,,,,whitetrash
1596,,,,,whitey
1597,,,,,whiz
1598,,,,,whoar
1599,,,,,whop
1600,,,,,whore
1601,,,,,whorefucker
1602,,,,,whorehouse
1603,,,,,wigerette
1604,,,,,wigger
1605,,,,,willie
1606,,,,,willies
1607,,,,,williewanker
1608,,,,,willy
1609,,,,,wn
1610,,,,,wog
1611,,,,,womens
1612,,,,,wop
1613,,,,,wtf
1614,,,,,wtff
1615,,,,,wtfff
1616,,,,,wtffff
1617,,,,,wuss
1618,,,,,wuzzie
1619,,,,,xrated
1620,,,,,xtc
1621,,,,,yankee
1622,,,,,yellowman
1623,,,,,yobbo
1624,,,,,zigabo
1625,,,,,zionazi
1626,,,,,zipperhead
